{
  "bf16-ref": {
    "ppl": 2.7724196910858154,
    "top1_acc": 0.7395935158031932,
    "top1_agree": 1.0,
    "kl": 0.0
  },
  "gptq-w4a16": {
    "ppl": 2.794306516647339,
    "top1_acc": 0.738147605083089,
    "top1_agree": 0.9587609970674487,
    "kl": 0.015509513709008325
  },
  "awq-w4a16": {
    "ppl": 2.8269708156585693,
    "top1_acc": 0.7339931573802542,
    "top1_agree": 0.9368075920495276,
    "kl": 0.03379563595425931
  },
  "w4a16-rtn": {
    "ppl": 2.828051805496216,
    "top1_acc": 0.7335654936461388,
    "top1_agree": 0.9355449657869013,
    "kl": 0.035770306372805656
  },
  "mxfp4": {
    "ppl": 2.9454257488250732,
    "top1_acc": 0.723525578364288,
    "top1_agree": 0.8936746497230368,
    "kl": 0.08811252433339327
  },
  "mxfp4a16": {
    "ppl": 2.8547871112823486,
    "top1_acc": 0.7331785597914631,
    "top1_agree": 0.936481753014011,
    "kl": 0.03539172586923937
  },
  "nvfp4": {
    "ppl": 2.8354365825653076,
    "top1_acc": 0.7329138155751059,
    "top1_agree": 0.9328975236233301,
    "kl": 0.03850342880518128
  },
  "nvfp4a16": {
    "ppl": 2.7975893020629883,
    "top1_acc": 0.73621293580971,
    "top1_agree": 0.9518776474421635,
    "kl": 0.01917589376943047
  },
  "fp8-dynamic": {
    "ppl": 2.7852766513824463,
    "top1_acc": 0.7380254154447703,
    "top1_agree": 0.9763155751058977,
    "kl": 0.004751901475196166
  }
}