{
  "_regime": "sink-ON seqlen=2048 eager",
  "bf16-ref": {
    "ppl": 2.785783290863037,
    "top1_acc": 0.7427027357107963,
    "top1_agree": 1.0,
    "kl": 0.0
  },
  "gptq-w4a16": {
    "ppl": 2.7969729900360107,
    "top1_acc": 0.741695163654128,
    "top1_agree": 0.9645365168539326,
    "kl": 0.021344120786664075
  }
}