{
  "_regime": "sink-off seqlen=2048 eager",
  "bf16-ref": {
    "ppl": 2.5849952697753906,
    "top1_acc": 0.753328041035662,
    "top1_agree": 1.0,
    "kl": 0.0
  },
  "gptq-w4a16": {
    "ppl": 2.593806028366089,
    "top1_acc": 0.753328041035662,
    "top1_agree": 0.9763373229115779,
    "kl": 0.0064765508575560585
  }
}