{
  "_regime": "sink-ON seqlen=8192 eager",
  "bf16-ref": {
    "ppl": 2.091714859008789,
    "top1_acc": 0.8150943108289587,
    "top1_agree": 1.0,
    "kl": 0.0
  },
  "gptq-w4a16": {
    "ppl": 2.09442400932312,
    "top1_acc": 0.8142702356244659,
    "top1_agree": 0.9751403979978025,
    "kl": 0.01053975790124166
  }
}