{
  "_regime": "sink-ON seqlen=8192 eager",
  "bf16-ref": {
    "ppl": 2.091714859008789,
    "top1_acc": 0.8150943108289587,
    "top1_agree": 1.0,
    "kl": 0.0
  },
  "gptq-w4a16": {
    "ppl": 2.09019136428833,
    "top1_acc": 0.8143389085581736,
    "top1_agree": 0.9770632401416188,
    "kl": 0.009082502737221096
  }
}