{
  "_regime": "sink-off seqlen=8192 eager",
  "bf16-ref": {
    "ppl": 2.259885311126709,
    "top1_acc": 0.7883194970089122,
    "top1_agree": 1.0,
    "kl": 0.0
  },
  "gptq-w4a16": {
    "ppl": 2.273282766342163,
    "top1_acc": 0.7862898303015505,
    "top1_agree": 0.9615736784275424,
    "kl": 0.018286781278434888
  }
}