{
  "_regime": "sink-ON seqlen=2048 eager",
  "bf16-ref": {
    "ppl": 2.5200443267822266,
    "top1_acc": 0.7623758345546328,
    "top1_agree": 1.0,
    "kl": 0.0
  },
  "gptq-w4a16": {
    "ppl": 2.551940441131592,
    "top1_acc": 0.7598925256472887,
    "top1_agree": 0.9485018726591761,
    "kl": 0.036827357462535286
  }
}