{
  "_regime": "sink-off seqlen=2048 eager",
  "bf16-ref": {
    "ppl": 2.3239877223968506,
    "top1_acc": 0.7741003093958638,
    "top1_agree": 1.0,
    "kl": 0.0
  },
  "gptq-w4a16": {
    "ppl": 2.3408472537994385,
    "top1_acc": 0.7727467024914509,
    "top1_agree": 0.9622923790913532,
    "kl": 0.01408095213047283
  }
}