{
  "_regime": "sink-off seqlen=2048 eager",
  "bf16-ref": {
    "ppl": 2.3239877223968506,
    "top1_acc": 0.7741003093958638,
    "top1_agree": 1.0,
    "kl": 0.0
  },
  "gptq-w4a16": {
    "ppl": 2.3368983268737793,
    "top1_acc": 0.7723294251750529,
    "top1_agree": 0.9642261032405146,
    "kl": 0.012877703897146658
  }
}