{
  "_regime": "sink-ON seqlen=8192 eager",
  "bf16-ref": {
    "ppl": 2.300536870956421,
    "top1_acc": 0.7855878403125381,
    "top1_agree": 1.0,
    "kl": 0.0
  },
  "gptq-w4a16": {
    "ppl": 2.318455219268799,
    "top1_acc": 0.7838328653400073,
    "top1_agree": 0.95785007935539,
    "kl": 0.02455381578089859
  }
}