{
  "_regime": "sink-ON seqlen=2048 eager",
  "bf16-ref": {
    "ppl": 2.5200443267822266,
    "top1_acc": 0.7623758345546328,
    "top1_agree": 1.0,
    "kl": 0.0
  },
  "gptq-w4a16": {
    "ppl": 2.5462582111358643,
    "top1_acc": 0.7600146555935515,
    "top1_agree": 0.9479929978830809,
    "kl": 0.03961411448026631
  }
}